sid	comment	linker	spacer	sequence	c_terminus	name
Empty	Empty					
Dye001						DY-634
P001	Peptide 6	KKK		FYDYDVFY	amide	PeB-Lys
P002		KK	Γö£╞ÆAΓö£╞ÆA	LGVIWAGGNTNY	amide	PeC-Lys
P003				SGFLLISNGVHWV	amide	PeA
P004				ARDFYDYDVFYYAMD 	amide	PeB
P005				ARDFYGYDVFFYAMD	amide	PeBGF
P006				ARDFYDPDVFYYAMD	amide	PeBP
P007		KKKK		SGFLLISN	amide	PeA-Lys
P008					amide	
P009		KKK		LYGYDVFF	amide	
P010		KKK		FYGYDVAF	amide	
P011					amide	
P012	Fetuin					Fetuin
P013		C-KK		FYGYDVFF	amide	PN
P014	Peptid 10	Ahx-KK		FYDYDVFY	amide	
P015	Peptid 12	KK-SG		FYDYDVFY	amide	
P016	Peptid 13		Γö£╞ÆAΓö£╞ÆAΓö£╞ÆA	FYDYDVFY	amide	
P017	Peptid 14		Γö£╞ÆAΓö£╞ÆAK	FYDYDVFY	amide	
P018	Peptid 15	Γö£╞ÆAKK		FYDYDVFY	amide	
P019	Peptid 16	KKK		FYDYDVFY	amide	
P020	Peptid 17	KKK		FYDYDVFF	amide	
P1						
P3						
P4						
P5						
P6						
P7						
P8						
P10						
P13						
P030						Kloe S 
P031						Kloe A
P032						Fetuin-634
pep7		KKK		FYDPDVFY		
pep8		KKK		LYGYDVFF		
pep9		KKK		FYGYDVAF		
pep11		DOA	KK	FYDYDVFY		
pep37		KKK		FYDYDVFY		
pep39		KKK		FYGYDVFF		
pep40		KKK		FYYYDVFF		
pep41		KKK		LYGYDVFF		
pep42		KKK		FYGYDVAF		
pep43		KKK		FLGYDFFF		
pep44		KKK		FYDMDVFY		
pep45		KKK		FYDYDVFM		
pep46		KKK		FYFDVYYD		
pep47		KKK		FYDYDVPY		
pep48		KKK		FYDYDVFN		
pep49		DOA	KK	FYGYDVFF		
pep50		KK	DOA	FYGYDVFF		
pep51				FYGYDVFF		
pep52		KK	DOA	FYDYDVFY		
pep53				FYDYDVFY		
pep54		KKK		FYDYDVFF		
pep55		KKK		FYDYRVFF		
pep56		KKK		FYDYKVFF		
pep57		KKK		FYDYPVFF		
pep58		KKK		FYDYAVFF		
pep59		KKK		FYDYSVFF		
pep60		DOA		ARLPR		
pep61		DOA		ARLPRTMV		
pep62		KKK		ARLPR		
pep63		KKK		ARLPRTMV		
Christian						
neutra1	Neutravidin					
